iteracao,EQM,nit
0.0,30.028891415390106,10.0
1.0,583.7166731810798,0.0
2.0,30.489198273942744,10.0
3.0,31.80487470713974,10.0
4.0,577.24634949151,0.0
