iteracao,EQM,nit
0.0,14.225423520128135,50.0
1.0,575.9359851920192,0.0
2.0,576.9087304931728,0.0
3.0,14.43016859293594,50.0
4.0,13.475599378633495,50.0
