iteracao,EQM,nit
0.0,50.8310288297495,10.0
1.0,51.20887513622298,10.0
2.0,52.044115606765125,10.0
3.0,50.610035635762536,10.0
4.0,51.72901354995642,10.0
